{"minzoom":0,"maxzoom":8,"center":[106.171875,21.287915,8.0],"bounds":[102.140427,7.133265,116.936531,23.393465]}