{"minzoom":0,"maxzoom":9,"center":[107.226562,20.961079,9.0],"bounds":[102.140427,7.133265,116.936531,23.393465]}